ACTION,TIMESTAMP
delete lot,2022-05-09 21:20:30
delete auction,2022-05-09 21:20:30
display auction,2022-05-09 21:20:30
display auction,2022-05-09 21:20:30
display lot,2022-05-09 21:20:30
create auction,2022-05-09 21:21:34
display auction,2022-05-09 21:21:34
create lot,2022-05-09 21:21:34
display auction,2022-05-09 21:21:34
display lot,2022-05-09 21:21:34
display auction,2022-05-09 21:21:34
display auction,2022-05-09 21:21:34
display lot,2022-05-09 21:21:34
display auction,2022-05-18 10:23:56
display auction,2022-05-18 10:23:56
display lot,2022-05-18 10:23:56
display auction,2022-05-18 11:02:39
display auction,2022-05-18 11:02:39
display lot,2022-05-18 11:02:39
display auction,2022-05-18 11:02:51
display lot,2022-05-18 11:02:56
display bids,2022-05-18 11:03:11
display bids,2022-05-18 11:03:21
create lot,2022-05-18 11:23:13
display lot,2022-05-18 11:23:40
